{"babel (preset-env)":152.37433958230835,"typescript (es2018)":135.487010715866,"esbuild (es2018)":896.2280003865363,"swc (es2018)":1103.2782854734007}