{"babel (preset-env)":72.72433607450668,"typescript (es2018)":68.44866418846755,"esbuild (es2018)":23.516841790790306,"swc (es2018)":893.8527869164253}