{"esbuild (es2015)":1783.0003373869154,"swc (es2015)":3241.8840505899952}