{"babel (preset-env)":153.05153948943175,"typescript (es3)":118.65271154124154,"swc (es3)":399.4753650649028}