{"babel (preset-env)":159.6020719522798,"typescript (es2016)":128.7776612740837,"esbuild (es2016)":1111.1505217120255,"swc (es2016)":1122.5829032581873}