{"esbuild (es2018)":1562.571564102057,"swc (es2018)":3139.984865787091}