{"esbuild (es2018)":1023.2917588166184,"swc (es2018)":1155.7821347038162}