{"esbuild (es2018)":1482.0753962428064,"swc (es2018)":2110.0668900836167}