{"esbuild (es2018)":1764.9953273885815,"swc (es2018)":3438.0455070508074}