{"esbuild (es2015)":1700.030197315152,"swc (es2015)":2326.521825258503}