{"babel (preset-env)":155.61160804400853,"typescript (es5)":121.36781923537495,"swc (es5)":75.98602579950341}