{"babel (preset-env)":153.70482850377033,"typescript (es3)":109.35788640764069,"swc (es3)":912.5927616526099}