{"babel (preset-env)":158.19620730415144,"typescript (es2017)":131.71706974084697,"esbuild (es2017)":1068.9564433107032,"swc (es2017)":1183.290776124215}