{"esbuild (es2016)":994.3914219927597,"swc (es2016)":913.1191808588993}