{"esbuild (es2015)":633.5434936444149,"swc (es2015)":509.62676746015165}