{"esbuild (es2016)":1629.5349221564288,"swc (es2016)":1.1750373304587536}