{"babel (preset-env)":159.48553010623718,"typescript (es2019)":132.586516298059,"esbuild (es2019)":988.9919667586302,"swc (es2019)":1241.083034654391}