{"esbuild (es2017)":860.2482005268449,"swc (es2017)":992.1620974210505}