{"esbuild (es2015)":1331.0175272342167,"swc (es2015)":1513.4473405748427}