{"babel (preset-env)":158.78595105748136,"typescript (es2020)":144.45744070119576,"esbuild (es2020)":853.0447058702274,"swc (es2020)":1173.8111842545495}