{"esbuild (es2017)":1032.9599126233336,"swc (es2017)":1144.044801117461}