{"esbuild (es2019)":708.8951769110444,"swc (es2019)":698.0345238059931}