{"babel (preset-env)":58.2345676752695,"typescript (es3)":46.431997998112045,"swc (es3)":587.060029112075}