{"esbuild (es2018)":702.4742332425185,"swc (es2018)":693.3686469089365}