{"babel (preset-env)":161.38502728846998,"typescript (es5)":111.90230623506126,"swc (es5)":991.2041761463734}