{"babel (preset-env)":71.8705081628644,"typescript (es2016)":65.74443005557461,"esbuild (es2016)":33.951201104833544,"swc (es2016)":889.6390738927712}