{"esbuild (es2017)":1551.6339766745475,"swc (es2017)":3122.8725773952715}