{"esbuild (es2016)":711.8967645771112,"swc (es2016)":704.4432221282367}