{"babel (preset-env)":73.04988865770007,"typescript (es2017)":67.36789783641555,"esbuild (es2017)":27.421520899215764,"swc (es2017)":900.8418420414845}