{"babel (preset-env)":159.84216299357598,"typescript (es2020)":133.53124450380977,"esbuild (es2020)":960.4766115409383,"swc (es2020)":1266.292611683015}