{"esbuild (es2020)":1627.366165132959,"swc (es2020)":3311.756085141159}