{"babel (preset-env)":72.63479033235706,"typescript (es2015)":64.98926793364551,"esbuild (es2015)":38.584140698223116,"swc (es2015)":635.885699580509}