{"esbuild (es2016)":1094.8165911366293,"swc (es2016)":995.6973984253951}