{"esbuild (es2017)":691.9096662351187,"swc (es2017)":688.5347637730079}