{"esbuild (es2015)":1012.5888112297765,"swc (es2015)":644.7118509643192}