{"esbuild (es2020)":990.6967750106772,"swc (es2020)":1187.145090679508}