{"babel (preset-env)":159.0999512502245,"typescript (es2018)":131.66660817725918,"esbuild (es2018)":1023.8292822558946,"swc (es2018)":1224.5889690446393}