{"esbuild (es2019)":1498.6514229170143,"swc (es2019)":2134.00315378253}