{"babel (preset-env)":72.20525012156936,"typescript (es2020)":67.05501065174656,"esbuild (es2020)":18.15588634829545,"swc (es2020)":984.3266393751551}