{"esbuild (es2019)":970.2300236888947,"swc (es2019)":1151.301400719182}