{"esbuild (es2016)":1492.252738854041,"swc (es2016)":2118.326508954607}