{"babel (preset-env)":158.712916214171,"typescript (es2015)":128.46663393806645,"esbuild (es2015)":1155.859390331787,"swc (es2015)":1171.3407076375597}