{"esbuild (es2016)":1717.591292232001,"swc (es2016)":3098.0529854772426}