{"esbuild (es2020)":1477.1094446333052,"swc (es2020)":2321.6834820193403}