{"esbuild (es2017)":1749.5106490480603,"swc (es2017)":3371.3733191321794}