{"esbuild (es2020)":795.8850823548497,"swc (es2020)":1143.8449153764736}