{"esbuild (es2019)":1599.8432840261742,"swc (es2019)":3160.7914143378284}