{"babel (preset-env)":72.36252634005747,"typescript (es2019)":67.1315037304669,"esbuild (es2019)":20.51797488285517,"swc (es2019)":909.3530069068167}