{"esbuild (es2017)":1449.2330861443888,"swc (es2017)":1928.8985215259147}