{"babel (preset-env)":156.10842749245865,"typescript (es2016)":136.5869948284699,"esbuild (es2016)":976.8733593524372,"swc (es2016)":740.2029610876659}