{"esbuild (es2018)":915.4042686794339,"swc (es2018)":1010.2025846759433}