{"esbuild (es2019)":1789.7266531319176,"swc (es2019)":3429.7533187496083}