{"esbuild (es2020)":697.4507374912309,"swc (es2020)":762.3602346514622}