{"esbuild (es2015)":1146.0073371886367,"swc (es2015)":1087.6121493076243}