{"babel (preset-env)":68.66735248954869,"typescript (es5)":56.49099761939024,"swc (es5)":629.7896989949928}