{"babel (preset-env)":153.7503174219203,"typescript (es2017)":137.62297937202445,"esbuild (es2017)":924.9994262767852,"swc (es2017)":1092.7403509192259}