{"babel (preset-env)":157.61801564252065,"typescript (es2019)":140.08970142262015,"esbuild (es2019)":888.6076517023506,"swc (es2019)":1176.3191493306006}