{"esbuild (es2019)":791.5391223060609,"swc (es2019)":1091.5750020380021}