{"babel (preset-env)":157.40629014593745,"typescript (es2015)":138.10153196281564,"esbuild (es2015)":1011.8809651247958,"swc (es2015)":92.87876148703964}