{"esbuild (es2020)":1839.6969035441568,"swc (es2020)":3659.3798035797977}